,Predicted 10,Predicted 40,Predicted 50,Predicted 60,Predicted 1140,Predicted 1160,Predicted 1180,Predicted 1280,Predicted 1281,Predicted 1300,Predicted 1301,Predicted 1302,Predicted 1320,Predicted 1560,Predicted 1920,Predicted 1940,Predicted 2060,Predicted 2220,Predicted 2280,Predicted 2403,Predicted 2462,Predicted 2522,Predicted 2582,Predicted 2583,Predicted 2585,Predicted 2705,Predicted 2905
Actual 10,18,1,0,0,1,2,0,0,0,0,0,0,0,0,0,2,0,1,5,1,2,0,0,0,1,3,0
Actual 40,2,14,3,0,2,4,1,0,0,0,0,0,0,0,0,2,0,0,3,2,1,0,0,0,1,2,0
Actual 50,0,1,26,1,2,0,0,0,0,1,0,0,0,0,0,2,0,0,0,0,3,0,0,0,0,0,1
Actual 60,0,0,1,31,0,0,0,0,1,0,0,0,0,0,0,1,0,0,0,0,3,0,0,0,0,0,0
Actual 1140,3,2,2,0,22,1,0,0,0,2,0,1,0,0,0,1,0,0,0,1,0,1,0,0,1,0,0
Actual 1160,1,1,1,0,0,31,0,0,0,1,0,0,1,0,0,0,0,0,1,0,0,0,0,0,0,0,0
Actual 1180,2,0,0,0,1,6,18,0,0,0,1,0,0,0,0,0,0,0,2,2,2,1,0,0,0,1,1
Actual 1280,1,0,0,0,1,0,0,9,6,8,0,4,1,0,0,0,1,1,1,2,0,0,0,0,1,1,0
Actual 1281,0,1,0,0,1,4,1,2,22,1,0,0,0,0,0,1,0,0,0,0,1,1,0,1,0,0,1
Actual 1300,1,0,0,0,0,0,0,2,0,28,0,0,0,0,0,0,0,0,1,0,0,1,0,1,1,2,0
Actual 1301,0,2,0,0,0,3,0,0,0,0,29,0,0,1,0,0,0,0,0,0,1,0,0,0,1,0,0
Actual 1302,0,0,0,0,0,0,0,0,1,0,0,27,0,0,0,1,1,0,0,0,1,1,3,2,0,0,0
Actual 1320,2,1,1,0,1,1,0,1,0,0,2,0,15,4,0,1,1,1,2,2,0,0,0,0,0,2,0
Actual 1560,0,0,0,0,0,0,1,0,0,0,0,0,1,21,4,0,4,0,0,0,0,0,6,0,0,0,0
Actual 1920,0,0,0,0,0,0,0,0,0,0,0,0,1,1,30,1,0,0,0,0,0,2,2,0,0,0,0
Actual 1940,0,1,0,0,0,0,0,0,0,0,0,0,0,0,0,28,0,0,1,3,0,2,0,0,0,2,0
Actual 2060,3,0,1,0,0,0,0,0,0,0,0,0,0,2,2,0,27,0,0,0,0,0,1,0,0,1,0
Actual 2220,0,1,0,0,0,1,0,0,1,0,0,0,0,0,0,0,0,30,0,0,0,1,1,1,0,1,0
Actual 2280,8,1,0,0,0,3,0,0,0,0,0,0,0,0,0,1,0,0,19,4,0,0,0,0,0,1,0
Actual 2403,1,1,0,0,2,2,1,0,0,1,0,0,0,0,0,0,0,0,9,20,0,0,0,0,0,0,0
Actual 2462,0,0,4,0,1,0,0,0,0,0,0,0,0,0,0,1,0,1,1,2,27,0,0,0,0,0,0
Actual 2522,0,1,0,0,1,3,0,0,0,0,0,0,0,1,0,0,2,0,1,0,0,27,0,0,1,0,0
Actual 2582,2,1,0,0,0,1,0,0,0,0,0,0,1,0,0,2,3,1,0,0,0,1,23,1,1,0,0
Actual 2583,0,0,1,0,0,0,0,0,0,0,0,0,0,0,0,1,1,0,1,0,0,1,0,31,1,0,0
Actual 2585,0,1,1,0,1,0,0,0,1,2,1,0,0,1,0,1,1,0,0,1,0,0,3,2,21,0,0
Actual 2705,2,0,0,0,0,0,0,0,0,0,0,0,0,0,0,1,0,0,0,0,1,0,0,0,0,33,0
Actual 2905,0,0,0,0,0,0,0,0,0,0,0,0,0,0,0,0,0,0,0,0,0,0,0,0,0,0,37
